{
  "candles": [
    {
      "timestamp": "2024-01-19T14:00:00Z",
      "open": "105000.00",
      "high": "105200.50",
      "low": "104800.25",
      "close": "105100.75",
      "volume": "1247.5"
    },
    {
      "timestamp": "2024-01-19T14:01:00Z",
      "open": "105100.75",
      "high": "105350.00",
      "low": "105050.00",
      "close": "105280.25",
      "volume": "892.3"
    },
    {
      "timestamp": "2024-01-19T14:02:00Z",
      "open": "105280.25",
      "high": "105420.75",
      "low": "105180.50",
      "close": "105380.00",
      "volume": "1156.8"
    },
    {
      "timestamp": "2024-01-19T14:03:00Z",
      "open": "105380.00",
      "high": "105580.25",
      "low": "105320.00",
      "close": "105520.50",
      "volume": "1389.2"
    },
    {
      "timestamp": "2024-01-19T14:04:00Z",
      "open": "105520.50",
      "high": "105720.00",
      "low": "105480.25",
      "close": "105650.75",
      "volume": "1024.7"
    },
    {
      "timestamp": "2024-01-19T14:05:00Z",
      "open": "105650.75",
      "high": "105850.50",
      "low": "105600.00",
      "close": "105780.25",
      "volume": "1567.4"
    },
    {
      "timestamp": "2024-01-19T14:06:00Z",
      "open": "105780.25",
      "high": "105920.75",
      "low": "105720.50",
      "close": "105880.00",
      "volume": "987.6"
    },
    {
      "timestamp": "2024-01-19T14:07:00Z",
      "open": "105880.00",
      "high": "106050.25",
      "low": "105820.75",
      "close": "105980.50",
      "volume": "1234.9"
    },
    {
      "timestamp": "2024-01-19T14:08:00Z",
      "open": "105980.50",
      "high": "106180.00",
      "low": "105920.25",
      "close": "106120.75",
      "volume": "1456.2"
    },
    {
      "timestamp": "2024-01-19T14:09:00Z",
      "open": "106120.75",
      "high": "106280.50",
      "low": "106080.00",
      "close": "106200.25",
      "volume": "1089.7"
    },
    {
      "timestamp": "2024-01-19T14:10:00Z",
      "open": "106200.25",
      "high": "106350.75",
      "low": "106150.50",
      "close": "106280.00",
      "volume": "1367.3"
    },
    {
      "timestamp": "2024-01-19T14:11:00Z",
      "open": "106280.00",
      "high": "106420.25",
      "low": "106220.75",
      "close": "106380.50",
      "volume": "1178.8"
    },
    {
      "timestamp": "2024-01-19T14:12:00Z",
      "open": "106380.50",
      "high": "106520.00",
      "low": "106320.25",
      "close": "106450.75",
      "volume": "1298.4"
    },
    {
      "timestamp": "2024-01-19T14:13:00Z",
      "open": "106450.75",
      "high": "106580.50",
      "low": "106400.00",
      "close": "106520.25",
      "volume": "1423.6"
    },
    {
      "timestamp": "2024-01-19T14:14:00Z",
      "open": "106520.25",
      "high": "106650.75",
      "low": "106480.50",
      "close": "106600.00",
      "volume": "1067.9"
    },
    {
      "timestamp": "2024-01-19T14:15:00Z",
      "open": "106600.00",
      "high": "106720.25",
      "low": "106550.75",
      "close": "106680.50",
      "volume": "1345.2"
    },
    {
      "timestamp": "2024-01-19T14:16:00Z",
      "open": "106680.50",
      "high": "106800.00",
      "low": "106620.25",
      "close": "106750.75",
      "volume": "1189.7"
    },
    {
      "timestamp": "2024-01-19T14:17:00Z",
      "open": "106750.75",
      "high": "106880.50",
      "low": "106700.00",
      "close": "106820.25",
      "volume": "1456.8"
    },
    {
      "timestamp": "2024-01-19T14:18:00Z",
      "open": "106820.25",
      "high": "106950.75",
      "low": "106780.50",
      "close": "106900.00",
      "volume": "1278.3"
    },
    {
      "timestamp": "2024-01-19T14:19:00Z",
      "open": "106900.00",
      "high": "107020.25",
      "low": "106850.75",
      "close": "106980.50",
      "volume": "1367.9"
    }
  ]
}